SNP,CHR,POS,Locus,A1,A2,AF1,Beta,SE,P,I2,N
rs12089835,1,19771438,CAPZB,t,c,0.35,0.073,0.007,1.3e-28,5.3,51018
rs10917469,1,19843576,CAPZB,a,g,0.84,0.111,0.009,4e-39,26.5,51018
rs74804879,1,19862320,CAPZB,t,c,0.65,0.05,0.007,1.2e-14,5.3,51018
rs334725,1,61610049,NFIA,a,g,0.95,0.174,0.015,2.4e-32,39.2,51018
rs17020122,1,108357391,VAV3,t,c,0.09,0.104,0.011,5.3e-20,11.6,51018
rs16856540,2,217580413,IGFBP5,t,c,0.84,-0.055,0.008,7.8e-11,0,52047
rs13015993,2,217625523,IGFBP5,a,g,0.73,0.082,0.007,4.5e-32,0,52047
rs1663070,3,12239852,SYN2,t,c,0.74,-0.046,0.007,3.5e-11,0,54288
rs6535624,4,149587905,NR3C2,a,g,0.44,0.042,0.006,1.6e-11,0,52047
rs11732089,4,149665602,NR3C2,t,c,0.8,0.115,0.008,1.7e-51,8.4,52047
rs62362610,5,76439961,PDE8B,c,g,0.08,0.073,0.012,7.7e-10,0,53074
rs1119208,5,76488613,PDE8B,t,c,0.37,0.046,0.006,6.6e-13,13.6,53074
rs139424329,5,76495539,PDE8B,a,g,0.01,-0.2,0.032,5.1e-10,0,45981
rs2127387,5,76532571,PDE8B,a,g,0.41,0.144,0.006,1.1e-117,25,53074
rs7702192,5,76554807,PDE8B,a,c,0.47,0.07,0.006,2.6e-30,0,53074
rs113974964,5,76652403,PDE8B,t,c,0.05,-0.124,0.015,2.1e-17,41.5,53074
rs139149784,5,76660193,PDE8B,a,g,0.03,0.156,0.029,5e-08,2.3,49018
rs182873197,5,76773148,PDE8B,t,c,0.05,-0.08,0.014,1.7e-08,14.4,53074
rs744103,6,43805362,VEGFA/LOC100132354,a,t,0.69,0.092,0.007,6.7e-41,40.9,54288
rs9381266,6,43905037,VEGFA/LOC100132354,t,c,0.74,0.073,0.007,1.8e-25,27.1,54288
rs9497965,6,148521292,SASH1,t,c,0.4,0.044,0.006,9.8e-13,21.9,54288
rs73022105,6,165973757,PDE10A,t,c,0.95,0.105,0.016,1.2e-11,0,52424
rs1079418,6,166047034,PDE10A,a,g,0.69,0.101,0.007,8.2e-53,20.9,52424
rs2439301,8,32433013,NRG1,a,g,0.23,-0.059,0.008,8.2e-15,13.9,54288
rs10814915,9,4290544,GLIS3,t,c,0.44,0.042,0.006,5.1e-12,6.4,54288
rs8176645,9,136149098,ABO,a,t,0.34,0.052,0.006,3.9e-16,51.2,54288
rs200574439,10,101283330,NKX2-3,a,c,0.58,-0.047,0.006,3.7e-13,13.8,54288
rs12284404,11,45228686,PRDM11,a,g,0.27,-0.067,0.007,2.5e-22,0,54288
rs398745,14,36536181,MBIP,a,c,0.59,-0.052,0.006,4e-17,0,54288
rs2254613,14,36713154,MBIP,t,g,0.55,-0.035,0.006,3.4e-08,27,54288
rs8015085,14,93585331,ITPK1,a,g,0.21,0.067,0.008,2.4e-18,16.9,54288
rs17477923,15,49711185,FAM227B/FGF7,t,c,0.74,0.083,0.007,2.6e-33,40.3,54288
rs11639111,15,49749735,FAM227B/FGF7,t,c,0.41,0.045,0.006,3.6e-13,11,54288
rs13329353,15,89113877,DET1,t,c,0.68,0.061,0.007,5.2e-21,19.2,54288
rs17767491,16,79745487,MAF,a,g,0.68,0.088,0.007,3.4e-42,40.5,54288
rs1042673,17,70121339,SOX9,a,g,0.52,-0.055,0.006,3.6e-19,0,54288
rs963384,17,70369758,SOX9,t,c,0.46,0.035,0.006,2.8e-08,0,54288
rs4804413,19,7222655,INSR,t,c,0.44,0.053,0.006,8.6e-18,0.6,51942
rs1203944,20,22596879,FOXA2,t,c,0.23,-0.051,0.007,2.4e-12,0,54288
rs6724073,2,218236786,DIRC3,t,c,0.74,0.051,0.008,1.3e-10,6.8,52047
rs28502438,3,149220109,TM4SF4,t,c,0.57,0.034,0.006,3.7e-08,0,54288
rs13100823,3,185514088,IGF2BP2,t,c,0.31,-0.041,0.007,6.8e-10,9.5,54288
rs59381142,3,193916181,HES1,a,g,0.24,-0.058,0.008,1.7e-14,0,52048
rs1265091,6,31108129,PSORS1C1,t,c,0.2,0.057,0.009,3.2e-11,38.5,47651
rs56009477,8,23356964,SLC25A37,a,g,0.84,0.052,0.008,3.7e-10,0,54288
rs10957494,8,70365025,SULF1,a,g,0.69,-0.04,0.007,1.1e-09,24.1,54288
rs118039499,8,133771635,TG,a,c,0.98,0.184,0.024,2e-14,37.8,48736
rs2739067,8,133951991,TG,a,g,0.6,-0.042,0.006,2.4e-11,0,54288
rs9298749,9,16214340,C9orf92,a,c,0.59,-0.039,0.006,8.8e-10,16.7,54288
rs11255790,10,8682180,GATA3,t,c,0.3,-0.041,0.007,6.8e-10,0,54288
rs4933466,10,89849519,PTEN,a,g,0.6,0.04,0.006,5.1e-10,28.6,54288
rs4445669,11,115045237,CADM1,t,c,0.46,-0.04,0.006,5.8e-11,0,54288
rs7329958,13,24782080,SPATA13,t,c,0.35,-0.044,0.007,1.1e-11,0,54288
rs11159482,14,81490842,TSHR,t,c,0.09,0.085,0.013,6.3e-11,0,54288
rs59334515,14,81594143,TSHR,t,c,0.22,-0.054,0.007,1.1e-13,25.7,54288
rs12893151,14,81619945,TSHR,a,c,0.22,-0.062,0.008,1e-15,28.2,54288
rs1045476,16,4015313,ADCY9,a,g,0.18,0.049,0.008,2.4e-09,0,54288
rs30227,16,14405428,MIR365A,t,c,0.61,-0.047,0.006,7.6e-14,11.1,54288
rs77819282,17,44762589,NSF,a,g,0.24,0.045,0.007,1.1e-09,0,54288
rs1157994,17,59338574,BCAS3,a,g,0.05,-0.09,0.016,5.3e-09,25.4,50232
rs12390237,X,3612081,PRKX,a,g,0.62,-0.046,0.007,1.7e-11,0,36501